{"cameraMode":{"drawMode":0,"name":"Shaded","section":"Shading Mode"},"sceneLighting":false,"audioPlay":false,"sceneViewState":{"showFog":true,"showMaterialUpdate":false,"showSkybox":false,"showFlares":true,"showImageEffects":true,"showParticleSystems":true},"in2DMode":false,"pivot":{"x":-0.9111685752868652,"y":7.291015625,"z":-3.0771484375},"rotation":{"x":0.02539067715406418,"y":-0.09134313464164734,"z":0.0023299905005842449,"w":0.9954960346221924},"size":16.881057739257814,"orthographic":true}