{"cameraMode":{"drawMode":0,"name":"Shaded","section":"Shading Mode"},"sceneLighting":false,"audioPlay":false,"sceneViewState":{"showFog":true,"showMaterialUpdate":false,"showSkybox":false,"showFlares":true,"showImageEffects":true,"showParticleSystems":true},"in2DMode":false,"pivot":{"x":0.00013256072998046875,"y":3.0212466716766359,"z":-0.20710980892181397},"rotation":{"x":0.004499940201640129,"y":0.0029999364633113147,"z":-0.000013518815649149474,"w":0.9999859929084778},"size":3.051129102706909,"orthographic":true}