{"cameraMode":{"drawMode":0,"name":"Shaded","section":"Shading Mode"},"sceneLighting":false,"audioPlay":false,"sceneViewState":{"showFog":true,"showMaterialUpdate":false,"showSkybox":false,"showFlares":true,"showImageEffects":true,"showParticleSystems":true},"in2DMode":false,"pivot":{"x":-2.05157470703125,"y":8.5550537109375,"z":0.16015625},"rotation":{"x":0.03148776292800903,"y":-0.020989028736948968,"z":0.0006608149269595742,"w":0.9992900490760803},"size":8.857975006103516,"orthographic":true}